﻿"Team","Department","BU","BUIdx"
"MFG-01","製造 Production Line (MFG)","BU",1
"MFG-02","製造 Production Line (MFG)","BU",1
"MFG-03","製造 Production Line (MFG)","BU",1
"MFG-04","製造 Production Line (MFG)","BU",1
"MFG-05","製造 Production Line (MFG)","BU",1
"MFG-06","製造 Production Line (MFG)","BU",1
"MFG-07","製造 Production Line (MFG)","BU",1
"MFG-08","製造 Production Line (MFG)","BU",1
"MFG-09","製造 Production Line (MFG)","BU",1
"PC-01","生管 Production Control Management","BU",2
"B/W-01","企劃/倉庫  Buyer/Warehouse","BU",3
"EE-01","設備 Equipment","BU",4
"EE-02","設備 Equipment","BU",4
"TE-01","測試 Testing","BU",5
"TE-02","測試 Testing","BU",5
"PE-01","工程 Process Engineering","BU",6
"PE-02","工程 Process Engineering","BU",6
"QA-01","品保 Quality","BU",7
"QA-02","品保 Quality","BU",7
"FC-01","機電 Facility","週邊 Supporting",1
"AD-01","週邊其他 Admin","週邊 Supporting",2
