"name","prj_state","date","title","state_head","state_body","duration"
"prj_SPC","active","2020-09-14","SPC_MASP報表網址及發布時刻變更預告","written","written","1"
"prj_SPC","active","2020-09-15","","written","written","0.5"
"prj_SPC","active","2020-09-16","","written","written","0.75"
"prj_SPC","active","2020-09-21","","written","written","1.25"
"prj_SPC","active","2020-09-22","","written","written","0.75"
"prj_SPC","active","2020-09-25","","written","written","0.75"
"prj_SPC","active","2020-09-26","","written","written","2"
"prj_SPC","active","2020-09-28","","written","written","3.5"
"prj_SPC","active","2020-09-29","","written","written","0.5"
"prj_SPC","active","2020-10-07","","written","written","0.5"
"prj_SPC","active","2020-10-09","","written","written","3"
"prj_SPC","active","2020-10-10","","written","written","1"
"prj_SPC","active","2020-10-12","","written","written","1.75"
"prj_SPC","active","2020-10-17","報表派送異常-預定時刻應發而未發","written","written","3.5"
"prj_SPC","active","2020-10-19","","written","written","1.25"
"prj_SPC","active","2020-10-22","","written","written","0.5"
"prj_SPC","active","2020-10-23","","written","written","0.75"
"prj_SPC","active","2020-10-30","","written","written","2"
"prj_SPC","active","2020-11-01","","written","written","5"
"prj_SPC","active","2020-12-14","","written","written","0.5"
"prj_tableau教育訓練","active","2020-09-09","討論教育訓練","written","written","2"
"prj_tableau教育訓練","active","2020-09-10","A15.101(教育訓練教室)門禁卡","written","written","0.25"
"prj_tableau教育訓練","active","2020-09-15","","written","written","1.5"
"prj_tableau教育訓練","active","2020-09-16","","written","written","0.25"
"prj_tableau教育訓練","active","2020-09-22","","written","written","1.5"
"prj_tableau教育訓練","active","2020-10-06","","written","written","1"
"prj_tableau教育訓練","active","2020-10-12","","written","written","2"
"prj_tableau教育訓練","active","2020-10-13","","written","written","1.5"
"prj_tableau教育訓練","active","2020-10-15","","written","written","0.5"
"prj_tableau教育訓練","active","2020-10-19","","written","written","1"
"prj_tableau教育訓練","active","2020-10-20","","written","written","1.75"
"prj_tableau教育訓練","active","2020-10-21","","written","written","1.25"
"prj_tableau教育訓練","active","2020-10-22","","written","written","1"
"prj_tableau教育訓練","active","2020-10-27","","written","written","1"
"prj_tableau教育訓練","active","2020-10-28","","written","written","1"
"prj_tableau教育訓練","active","2020-11-03","","written","written","3"
"prj_tableau教育訓練","active","2020-11-05","tableau教育訓練(1/4)預演","written","written","1"
"prj_tableau教育訓練","active","2020-11-07","tableau教育訓練(1/4)","written","written","3"
"prj_tableau教育訓練","active","2020-11-21","tableau教育訓練(2/4)","written","written","3"
"prj_tableau教育訓練","active","2020-11-28","tableau教育訓練(3/4)","written","written","3"
"prj_tableau教育訓練","active","2020-12-07","","written","written","1.5"
"prj_tableau教育訓練","active","2020-12-08","","written","written","2"
"prj_tableau教育訓練","active","2020-12-09","","written","written","1.5"
"prj_tableau教育訓練","active","2020-12-10","","written","written","4.25"
"prj_tableau教育訓練","active","2020-12-11","","written","written","3.5"
"prj_tableau教育訓練","active","2020-12-12","tableau教育訓練(4/4)","written","written","3"
"prj_tableau教育訓練","active","2020-12-14","","empty","empty",""
"prj_tableau系統維護","active","2020-09-23","","written","written","1"
"prj_tableau系統維護","active","2020-09-25","","written","written","0.75"
"prj_tableau系統維護","active","2020-09-26","","written","written","0.5"
"prj_tableau系統維護","active","2020-10-26","","written","written","1"
"prj_tableau系統維護","active","2020-12-14","","empty","empty",""
"prj_ts2tpp可視化平台","active","2020-09-23","","written","written","0.25"
"prj_ts2tpp可視化平台","active","2020-12-14","","empty","empty",""
"prj_ts2tp日誌分析","active","2020-09-05","編程","written","written","2"
"prj_ts2tp日誌分析","active","2020-09-07","資料處理","written","written","0.25"
"prj_ts2tp日誌分析","active","2020-10-30","","written","written","1"
"prj_ts2tp日誌分析","active","2020-11-02","","written","written","2"
"prj_ts2tp日誌分析","active","2020-12-06","","written","written","2"
"prj_ts2tp日誌分析","active","2020-12-08","","written","written","0.5"
"prj_ts2tp日誌分析","active","2020-12-09","","written","written","1.25"
"prj_ts2tp日誌分析","active","2020-12-14","","empty","empty",""
"prj_ts2tp發郵件功能","active","2020-12-14","","empty","empty",""
"prj_Vidas戰情看板","active","2020-09-14","","written","written","0.75"
"prj_Vidas戰情看板","active","2020-09-21","","written","written","0.25"
"prj_Vidas戰情看板","active","2020-10-12","","written","written","0.75"
"prj_Vidas戰情看板","active","2020-10-14","","written","written","4"
"prj_Vidas戰情看板","active","2020-10-15","","written","written","1"
"prj_Vidas戰情看板","active","2020-10-19","樣板程式-v2ts.py","written","written","2.25"
"prj_Vidas戰情看板","active","2020-10-20","","written","written","6"
"prj_Vidas戰情看板","active","2020-10-21","","written","written","3.75"
"prj_Vidas戰情看板","active","2020-10-22","","written","written","3.5"
"prj_Vidas戰情看板","active","2020-10-23","","written","written","3"
"prj_Vidas戰情看板","active","2020-10-24","","written","written","3"
"prj_Vidas戰情看板","active","2020-10-26","","written","written","3"
"prj_Vidas戰情看板","active","2020-10-27","","written","written","1.5"
"prj_Vidas戰情看板","active","2020-10-28","","written","written","1"
"prj_Vidas戰情看板","active","2020-10-30","","written","written","2"
"prj_Vidas戰情看板","active","2020-10-31","","written","written","0.25"
"prj_Vidas戰情看板","active","2020-12-14","","empty","empty",""
"prj_vm","active","2020-12-07","","written","written","1.5"
"prj_vm","active","2020-12-08","","written","written","0.5"
"prj_vm","active","2020-12-10","","written","written","0.25"
"prj_vm","active","2020-12-14","","written","written","0.5"
"prj_其它","active","2020-09-12","","written","written","4"
"prj_其它","active","2020-09-14","","written","written","2"
"prj_其它","active","2020-09-15","","written","written","2.25"
"prj_其它","active","2020-09-16","","written","written","1.25"
"prj_其它","active","2020-09-17","","written","written","1"
"prj_其它","active","2020-09-18","","written","written","1.5"
"prj_其它","active","2020-09-21","","written","written","0.25"
"prj_其它","active","2020-09-22","","written","written","1.25"
"prj_其它","active","2020-09-23","","written","written","1.5"
"prj_其它","active","2020-09-24","","written","written","2"
"prj_其它","active","2020-09-25","","written","written","1.25"
"prj_其它","active","2020-09-28","","written","written","0.5"
"prj_其它","active","2020-10-06","","written","written","3"
"prj_其它","active","2020-10-08","","written","written","7.5"
"prj_其它","active","2020-10-09","","written","written","2.5"
"prj_其它","active","2020-10-10","","written","written","1"
"prj_其它","active","2020-10-12","","written","written","2.25"
"prj_其它","active","2020-10-13","","written","written","1"
"prj_其它","active","2020-10-14","","written","written","1.75"
"prj_其它","active","2020-10-15","","written","written","0.5"
"prj_其它","active","2020-10-16","","written","written","3"
"prj_其它","active","2020-10-19","","written","written","1.5"
"prj_其它","active","2020-10-20","","written","written","0.5"
"prj_其它","active","2020-10-21","","written","written","0.5"
"prj_其它","active","2020-10-22","","written","written","1"
"prj_其它","active","2020-10-23","","written","written","1"
"prj_其它","active","2020-10-26","","written","written","0.5"
"prj_其它","active","2020-10-27","","written","written","1"
"prj_其它","active","2020-10-31","","written","written","2.5"
"prj_其它","active","2020-11-03","","written","written","0.5"
"prj_其它","active","2020-12-07","","written","written","0.75"
"prj_其它","active","2020-12-08","","written","written","0.5"
"prj_其它","active","2020-12-14","","written","written","0.25"
"prj_專案管理助手","active","2020-09-10","進行編程及測試","written","written","2"
"prj_專案管理助手","active","2020-09-12","將摘要輸出為 _summary.csv 檔","written","written","4"
"prj_專案管理助手","active","2020-09-14","","written","written","0.75"
"prj_專案管理助手","active","2020-09-15","","written","written","3.5"
"prj_專案管理助手","active","2020-09-16","","written","written","2.5"
"prj_專案管理助手","active","2020-09-22","","written","written","2.5"
"prj_專案管理助手","active","2020-09-23","","written","written","2.25"
"prj_專案管理助手","active","2020-09-25","","written","written","5.5"
"prj_專案管理助手","active","2020-09-26","","written","written","1"
"prj_專案管理助手","active","2020-09-28","","written","written","2"
"prj_專案管理助手","active","2020-10-07","專案檔記錄","written","written","2"
"prj_專案管理助手","active","2020-10-08","","written","written","1"
"prj_專案管理助手","active","2020-10-12","","written","written","2"
"prj_專案管理助手","active","2020-10-13","","written","written","5"
"prj_專案管理助手","active","2020-10-14","","written","written","1"
"prj_專案管理助手","active","2020-12-14","","empty","empty",""
"prj_日例行作業","active","2020-10-16","","written","written","0.5"
"prj_日例行作業","active","2020-10-19","","written","written","0.5"
"prj_日例行作業","active","2020-10-23","","written","written","0.75"
"prj_日例行作業","active","2020-12-14","","empty","empty",""
"prj_架tableau工作站","active","2020-09-09","","written","written","0.25"
"prj_架tableau工作站","active","2020-10-07","","written","written","0.25"
"prj_架tableau工作站","active","2020-12-14","","empty","empty",""
"prj_良率","active","2020-12-07","","written","written","1.75"
"prj_良率","active","2020-12-09","","written","written","4"
"prj_良率","active","2020-12-11","","written","written","2"
"prj_良率","active","2020-12-14","","written","written","3"
"prj_良率","active","2020-12-16","","written","written","0.25"
"prj_ISO27001","closed","2020-12-10","","written","written","3"
"prj_ISO27001","closed","2020-12-14","","written","written","0.75"
"prj_IT處出缺勤","closed","2020-10-07","","written","written","0.5"
"prj_倉庫","closed","2020-09-09","","written","written","0.5"
"prj_印度健康打卡","closed","2020-09-02","商業目標確認","written","written","1"
"prj_印度健康打卡","closed","2020-09-03","","written","written","0.25"
"prj_印度健康打卡","closed","2020-09-09","","written","written","0.25"
"prj_印度健康打卡","closed","2020-09-10","","written","written","6"
"prj_印度健康打卡","closed","2020-09-11","","written","written","4"
"prj_印度健康打卡","closed","2020-09-12","","written","written","2"
"prj_印度健康打卡","closed","2020-09-14","","written","written","3"
"prj_印度健康打卡","closed","2020-09-16","","written","written","1.5"
"prj_印度健康打卡","closed","2020-09-17","","written","written","3.5"
"prj_印度健康打卡","closed","2020-09-19","","written","written","1"
"prj_印度健康打卡","closed","2020-09-21","","written","written","4.5"
"prj_印度健康打卡","closed","2020-09-22","","written","written","1"
"prj_印度健康打卡","closed","2020-09-23","","written","written","3"
"prj_印度健康打卡","closed","2020-09-24","","written","written","2"
"prj_印度健康打卡","closed","2020-09-25","","written","written","2"
"prj_印度健康打卡","closed","2020-09-28","","written","written","3"
"prj_印度健康打卡","closed","2020-10-16","","written","written","2"
"prj_印度健康打卡","closed","2020-10-19","","written","written","1"
"prj_印度健康打卡","closed","2020-10-20","","written","written","0.25"
"prj_印度健康打卡","closed","2020-12-03","","written","written","1"
"prj_印度健康打卡","closed","2020-12-07","","written","written","0.75"
"prj_招聘","closed","2020-08-24","招聘申請單附件","written","written","4"
"prj_招聘","closed","2020-09-24","","written","written","0.75"
"prj_招聘","closed","2020-12-11","","written","written","0.5"
"prj_招聘_Anto","closed","2020-09-09","","written","written","1"
"prj_招聘_Anto","closed","2020-09-15","","written","written","0.5"
"prj_招聘_Anto","closed","2020-09-16","邀約二次面試時間","written","written","0.5"
"prj_機電","closed","2020-09-08","","written","written","2"
"prj_機電","closed","2020-09-10","","written","written","0.25"
"prj_機電","closed","2020-09-11","會議","written","written","1.5"
"prj_機電","closed","2020-09-29","","written","written","1"
"prj_機電","closed","2020-10-14","","written","written","0.5"
"prj_機電","closed","2020-12-14","","empty","empty",""
"prj_研討會","closed","2020-12-11","","written","written","2"
"prj_經營規則考試","closed","2020-09-21","","written","written","1"
"prj_經營規則考試","closed","2020-09-22","","written","written","1"
"prj_經營規則考試","closed","2020-09-24","","written","written","2"
"prj_經營規則考試","closed","2020-10-15","","written","written","3.5"
"prj_處早會","closed","2020-10-14","","written","written","0.5"
"prj_處早會","closed","2020-10-21","","written","written","0.25"
"prj_處早會","closed","2020-10-28","","written","written","0.5"
"prj_處早會","closed","2020-12-09","","written","written","0.25"
"prj_課周會","closed","2020-10-15","","written","written","1"
"prj_課周會","closed","2020-10-22","","written","written","1.75"
"prj_課周會","closed","2020-10-29","","written","written","1"
"prj_課周會","closed","2020-12-10","","written","written","0.25"
"prj_部周報","closed","2020-12-11","","written","written","0.5"
